"Airport","Terminal","Date","Hour","US_Average_Wait_Time","U.S. Citizen Max_Wait_Time","Non_US_Average_Wait_Times","Non U.S. Citizen Max_Wait_Time","Wait Times Average_Wait_Time","Wait Times Max_Wait_Time","Number Of Passengers Time Interval 0-15","Number Of Passengers Time Interval 16-30","Number Of Passengers Time Interval 31-45","Number Of Passengers Time Interval 46-60","Number Of Passengers Time Interval 61-90","Number Of Passengers Time Interval 91-120","Number Of Passengers Time Interval 120_plus"," Excluded"," Total"," Flights"
"ORD","Terminal 5","8/1/2024","0000 - 0100","20","37","21","38","21","38","103","223","61","0","0","0","0","9","396","2"
"ORD","Terminal 5","8/1/2024","0100 - 0200","16","31","18","35","17","35","234","291","24","0","0","0","0","15","564","3"
"ORD","Terminal 5","8/1/2024","0200 - 0300","14","28","13","28","13","28","123","98","0","0","0","0","0","7","228","1"
"ORD","Terminal 5","8/1/2024","0400 - 0500","13","28","16","27","15","28","84","87","0","0","0","0","0","6","177","1"
"ORD","Terminal 5","8/1/2024","0600 - 0700","34","67","39","67","37","67","131","88","166","206","75","0","0","20","686","3"
"ORD","Terminal 5","8/1/2024","0700 - 0800","19","45","25","46","21","46","88","107","59","2","0","0","0","7","263","1"
"ORD","Terminal 5","8/1/2024","0800 - 0900","34","64","40","64","37","64","68","123","269","185","33","0","0","17","695","2"
"ORD","Terminal 5","8/1/2024","0900 - 1000","14","32","17","34","16","34","301","387","8","0","0","0","0","18","714","3"
"ORD","Terminal 5","8/1/2024","1000 - 1100","15","35","18","35","17","35","256","267","47","0","0","0","0","15","585","2"
"ORD","Terminal 5","8/1/2024","1100 - 1200","13","57","21","57","17","57","351","133","89","40","0","0","0","20","633","3"
"ORD","Terminal 5","8/1/2024","1200 - 1300","19","66","24","67","21","67","372","396","159","37","17","0","0","41","1022","5"
"ORD","Terminal 5","8/1/2024","1300 - 1400","40","124","58","124","47","124","381","432","451","538","623","177","18","89","2709","10"
"ORD","Terminal 5","8/1/2024","1400 - 1500","48","154","92","154","66","154","271","201","205","499","577","619","153","81","2606","10"
"ORD","Terminal 5","8/1/2024","1500 - 1600","45","117","81","121","60","121","189","133","143","473","374","374","2","50","1738","7"
"ORD","Terminal 5","8/1/2024","1600 - 1700","30","81","53","89","37","89","191","140","401","236","130","0","0","42","1140","7"
"ORD","Terminal 5","8/1/2024","1700 - 1800","20","57","18","46","20","57","637","856","291","26","0","0","0","51","1861","9"
"ORD","Terminal 5","8/1/2024","1800 - 1900","18","55","20","61","19","61","699","685","248","72","3","0","0","58","1765","8"
"ORD","Terminal 5","8/1/2024","1900 - 2000","23","75","35","81","27","81","534","358","490","166","77","0","0","46","1671","8"
"ORD","Terminal 5","8/1/2024","2000 - 2100","32","77","51","83","39","83","118","108","141","159","129","0","0","25","680","3"
"ORD","Terminal 5","8/1/2024","2100 - 2200","17","44","22","43","19","44","207","371","33","0","0","0","0","17","628","3"
"ORD","Terminal 5","8/1/2024","2300 - 0000","35","58","37","58","36","58","0","49","64","28","0","0","0","4","145","1"
"ORD","Terminal 5","8/2/2024","0000 - 0100","38","69","40","69","39","69","10","87","176","69","39","0","0","10","391","2"
"ORD","Terminal 5","8/2/2024","0100 - 0200","58","80","60","80","59","80","0","9","12","85","121","0","0","6","233","1"
"ORD","Terminal 5","8/2/2024","0500 - 0600","74","106","77","107","76","107","0","38","35","20","128","147","0","10","378","2"
"ORD","Terminal 5","8/2/2024","0600 - 0700","37","77","59","80","52","80","39","12","10","97","140","0","0","11","309","1"
"ORD","Terminal 5","8/2/2024","0700 - 0800","60","103","70","104","64","104","15","19","53","172","428","47","0","24","758","3"
"ORD","Terminal 5","8/2/2024","0800 - 0900","36","97","48","101","44","101","41","65","213","156","74","13","0","18","580","2"
"ORD","Terminal 5","8/2/2024","0900 - 1000","65","95","64","95","65","95","22","5","51","101","332","21","0","15","547","2"
"ORD","Terminal 5","8/2/2024","1000 - 1100","46","87","60","89","53","89","42","21","97","153","224","0","0","16","553","2"
"ORD","Terminal 5","8/2/2024","1100 - 1200","28","74","41","74","34","74","186","216","82","206","117","0","0","25","832","4"
"ORD","Terminal 5","8/2/2024","1200 - 1300","9","33","12","36","10","36","557","226","21","0","0","0","0","21","825","4"
"ORD","Terminal 5","8/2/2024","1300 - 1400","21","48","19","47","21","48","689","1259","436","16","0","0","0","73","2473","9"
"ORD","Terminal 5","8/2/2024","1400 - 1500","20","53","22","53","20","53","612","909","367","23","0","0","0","54","1965","7"
"ORD","Terminal 5","8/2/2024","1500 - 1600","32","78","32","78","32","78","672","806","808","668","213","0","0","97","3264","13"
"ORD","Terminal 5","8/2/2024","1600 - 1700","35","75","31","74","33","75","253","435","621","338","77","0","0","45","1769","9"
"ORD","Terminal 5","8/2/2024","1700 - 1800","18","54","17","55","17","55","1113","701","274","79","0","0","0","59","2226","9"
"ORD","Terminal 5","8/2/2024","1800 - 1900","18","45","16","43","18","45","662","575","272","0","0","0","0","40","1549","9"
"ORD","Terminal 5","8/2/2024","1900 - 2000","16","75","21","90","17","90","608","432","106","36","17","0","0","36","1235","7"
"ORD","Terminal 5","8/2/2024","2000 - 2100","37","94","50","103","42","103","200","189","262","298","211","45","0","46","1251","5"
"ORD","Terminal 5","8/2/2024","2100 - 2200","33","72","56","72","43","72","29","58","73","71","85","0","0","4","320","1"
"ORD","Terminal 5","8/2/2024","2300 - 0000","44","77","45","76","44","77","0","37","67","87","27","0","0","7","225","1"
"ORD","Terminal 5","8/3/2024","0000 - 0100","38","109","58","109","47","109","77","133","118","110","188","26","0","21","673","4"
"ORD","Terminal 5","8/3/2024","0100 - 0200","78","94","75","94","77","94","0","5","9","0","136","23","0","6","179","1"
"ORD","Terminal 5","8/3/2024","0200 - 0300","48","67","52","67","50","67","24","0","7","117","53","0","0","10","211","1"
"ORD","Terminal 5","8/3/2024","0500 - 0600","74","92","75","97","74","97","4","11","2","3","93","22","0","4","139","1"
"ORD","Terminal 5","8/3/2024","0600 - 0700","60","97","75","100","67","100","38","25","65","5","467","51","0","19","670","3"
"ORD","Terminal 5","8/3/2024","0700 - 0800","65","115","75","115","69","115","36","56","29","46","320","143","0","17","647","2"
"ORD","Terminal 5","8/3/2024","0800 - 0900","52","99","76","100","68","100","30","12","5","0","90","61","0","5","203","1"
"ORD","Terminal 5","8/3/2024","0900 - 1000","79","141","87","141","83","141","67","45","55","126","260","398","174","37","1162","4"
"ORD","Terminal 5","8/3/2024","1000 - 1100","56","117","89","114","70","117","110","45","7","3","128","282","0","16","591","2"
"ORD","Terminal 5","8/3/2024","1100 - 1200","42","80","41","80","42","80","32","90","136","0","120","0","0","7","385","2"
"ORD","Terminal 5","8/3/2024","1200 - 1300","14","47","18","47","16","47","724","370","145","9","0","0","0","40","1288","5"
"ORD","Terminal 5","8/3/2024","1300 - 1400","16","36","19","36","17","36","731","935","139","0","0","0","0","56","1861","7"
"ORD","Terminal 5","8/3/2024","1400 - 1500","22","85","31","89","25","89","622","714","391","116","116","0","0","65","2024","8"
"ORD","Terminal 5","8/3/2024","1500 - 1600","29","81","39","80","33","81","395","670","840","534","100","0","0","88","2627","10"
"ORD","Terminal 5","8/3/2024","1600 - 1700","23","51","24","48","23","51","459","1141","517","46","0","0","0","67","2230","11"
"ORD","Terminal 5","8/3/2024","1700 - 1800","12","37","15","39","13","39","1749","864","63","0","0","0","0","86","2762","12"
"ORD","Terminal 5","8/3/2024","1800 - 1900","13","35","11","32","13","35","1085","768","22","0","0","0","0","49","1924","12"
"ORD","Terminal 5","8/3/2024","1900 - 2000","14","42","15","41","14","42","1067","765","55","0","0","0","0","72","1959","11"
"ORD","Terminal 5","8/3/2024","2000 - 2100","7","16","9","17","7","17","344","12","0","0","0","0","0","12","368","2"
"ORD","Terminal 5","8/3/2024","2100 - 2200","16","42","20","42","17","42","479","291","176","0","0","0","0","31","977","4"
"ORD","Terminal 5","8/3/2024","2200 - 2300","5","14","5","13","5","14","255","0","0","0","0","0","0","6","261","1"
"ORD","Terminal 5","8/3/2024","2300 - 0000","15","30","19","30","16","30","77","104","0","0","0","0","0","4","185","1"
"ORD","Terminal 5","8/4/2024","0000 - 0100","19","51","22","50","20","51","175","274","87","9","0","0","0","22","567","3"
"ORD","Terminal 5","8/4/2024","0100 - 0200","10","21","11","21","11","21","125","50","0","0","0","0","0","6","181","1"
"ORD","Terminal 5","8/4/2024","0300 - 0400","8","18","8","18","8","18","105","10","0","0","0","0","0","6","121","1"
"ORD","Terminal 5","8/4/2024","0500 - 0600","31","56","32","56","31","56","54","99","144","67","0","0","0","11","375","2"
"ORD","Terminal 5","8/4/2024","0600 - 0700","52","94","59","94","55","94","59","80","182","306","403","31","0","34","1095","4"
"ORD","Terminal 5","8/4/2024","0700 - 0800","34","51","37","51","35","51","0","87","130","45","0","0","0","7","269","1"
"ORD","Terminal 5","8/4/2024","0800 - 0900","22","34","24","34","24","34","25","134","44","0","0","0","0","8","211","1"
"ORD","Terminal 5","8/4/2024","0900 - 1000","35","67","37","68","36","68","212","215","275","336","113","0","0","31","1182","4"
"ORD","Terminal 5","8/4/2024","1000 - 1100","24","50","25","50","24","50","208","220","278","28","0","0","0","18","752","3"
"ORD","Terminal 5","8/4/2024","1100 - 1200","4","13","7","14","5","14","158","0","0","0","0","0","0","4","162","1"
"ORD","Terminal 5","8/4/2024","1200 - 1300","9","30","9","31","9","31","1080","240","2","0","0","0","0","38","1360","6"
"ORD","Terminal 5","8/4/2024","1300 - 1400","15","44","15","42","15","44","1454","971","218","0","0","0","0","75","2718","11"
"ORD","Terminal 5","8/4/2024","1400 - 1500","23","85","34","91","28","91","793","643","490","188","244","1","0","82","2441","9"
"ORD","Terminal 5","8/4/2024","1500 - 1600","25","73","45","76","30","76","590","1011","537","472","152","0","0","103","2865","10"
"ORD","Terminal 5","8/4/2024","1600 - 1700","22","48","35","64","25","64","462","884","686","103","6","0","0","68","2209","11"
"ORD","Terminal 5","8/4/2024","1700 - 1800","11","29","13","30","11","30","1369","551","0","0","0","0","0","51","1971","9"
"ORD","Terminal 5","8/4/2024","1800 - 1900","11","34","10","34","11","34","1669","581","31","0","0","0","0","75","2356","12"
"ORD","Terminal 5","8/4/2024","1900 - 2000","17","48","17","47","17","48","751","958","120","5","0","0","0","58","1892","9"
"ORD","Terminal 5","8/4/2024","2000 - 2100","17","48","27","48","19","48","401","194","195","26","0","0","0","20","836","4"
"ORD","Terminal 5","8/4/2024","2100 - 2200","11","31","13","33","12","33","216","93","7","0","0","0","0","9","325","1"
"ORD","Terminal 5","8/5/2024","0000 - 0100","20","51","22","51","21","51","241","115","121","39","0","0","0","23","539","3"
"ORD","Terminal 5","8/5/2024","0100 - 0200","12","23","12","23","12","23","131","66","0","0","0","0","0","6","203","1"
"ORD","Terminal 5","8/5/2024","0200 - 0300","16","32","18","32","16","32","78","74","16","0","0","0","0","6","174","1"
"ORD","Terminal 5","8/5/2024","0500 - 0600","64","102","55","102","60","102","38","55","36","49","157","70","0","13","418","2"
"ORD","Terminal 5","8/5/2024","0600 - 0700","50","79","64","79","60","79","27","9","4","39","230","0","0","5","314","1"
"ORD","Terminal 5","8/5/2024","0700 - 0800","25","43","28","43","27","43","25","166","118","0","0","0","0","9","318","1"
"ORD","Terminal 5","8/5/2024","0800 - 0900","22","33","17","36","19","36","138","172","49","0","0","0","0","6","365","2"
"ORD","Terminal 5","8/5/2024","0900 - 1000","45","104","44","104","45","104","114","127","88","115","166","32","0","21","663","2"
"ORD","Terminal 5","8/5/2024","1000 - 1100","74","132","92","132","83","132","115","95","91","58","183","875","47","46","1510","6"
"ORD","Terminal 5","8/5/2024","1100 - 1200","67","120","80","113","68","120","74","37","49","69","64","236","0","24","553","2"
"ORD","Terminal 5","8/5/2024","1200 - 1300","48","135","65","142","55","142","323","149","129","522","899","149","40","67","2278","9"
"ORD","Terminal 5","8/5/2024","1300 - 1400","59","121","69","117","62","121","204","158","65","249","726","240","3","44","1689","7"
"ORD","Terminal 5","8/5/2024","1400 - 1500","53","153","78","165","63","165","348","151","68","246","1264","310","69","79","2535","9"
"ORD","Terminal 5","8/5/2024","1500 - 1600","55","153","103","168","71","168","262","144","190","419","851","348","341","76","2631","10"
"ORD","Terminal 5","8/5/2024","1600 - 1700","34","109","79","115","44","115","250","164","700","266","78","232","0","64","1754","8"
"ORD","Terminal 5","8/5/2024","1700 - 1800","16","52","34","70","20","70","771","568","295","89","27","0","0","55","1805","8"
"ORD","Terminal 5","8/5/2024","1800 - 1900","14","35","19","36","15","36","808","698","55","0","0","0","0","46","1607","8"
"ORD","Terminal 5","8/5/2024","1900 - 2000","6","17","7","17","7","17","517","15","0","0","0","0","0","10","542","2"
"ORD","Terminal 5","8/5/2024","2000 - 2100","12","26","10","26","12","26","470","219","0","0","0","0","0","15","704","4"
"ORD","Terminal 5","8/5/2024","2100 - 2200","13","33","15","36","14","36","442","286","43","0","0","0","0","22","793","4"
"ORD","Terminal 5","8/5/2024","2200 - 2300","11","21","12","21","11","21","116","52","0","0","0","0","0","4","172","1"
"ORD","Terminal 5","8/5/2024","2300 - 0000","29","52","24","52","28","52","69","137","117","50","0","0","0","12","385","2"
"ORD","Terminal 5","8/6/2024","0000 - 0100","36","76","33","75","35","76","94","90","180","179","18","0","0","25","586","3"
"ORD","Terminal 5","8/6/2024","0100 - 0200","24","35","24","35","24","35","18","122","43","0","0","0","0","4","187","1"
"ORD","Terminal 5","8/6/2024","0500 - 0600","39","74","34","74","37","74","67","61","78","67","59","0","0","9","341","2"
"ORD","Terminal 5","8/6/2024","0600 - 0700","27","43","33","43","29","43","28","38","87","0","0","0","0","5","158","1"
"ORD","Terminal 5","8/6/2024","0700 - 0800","30","75","37","76","34","76","136","246","281","133","83","0","0","30","909","3"
"ORD","Terminal 5","8/6/2024","0900 - 1000","46","101","44","102","45","102","166","235","278","269","328","50","0","46","1372","5"
"ORD","Terminal 5","8/6/2024","1000 - 1100","43","85","54","81","48","85","97","36","96","158","209","0","0","8","604","2"
"ORD","Terminal 5","8/6/2024","1100 - 1200","29","57","34","57","31","57","101","137","283","99","0","0","0","20","640","3"
"ORD","Terminal 5","8/6/2024","1200 - 1300","17","50","18","50","18","50","511","445","158","18","0","0","0","26","1158","5"
"ORD","Terminal 5","8/6/2024","1300 - 1400","23","59","23","61","23","61","960","634","654","207","1","0","0","68","2524","10"
"ORD","Terminal 5","8/6/2024","1400 - 1500","24","80","32","99","27","99","807","475","539","298","130","6","0","72","2327","8"
"ORD","Terminal 5","8/6/2024","1500 - 1600","35","102","57","97","43","102","234","218","497","424","386","25","0","59","1843","7"
"ORD","Terminal 5","8/6/2024","1600 - 1700","37","102","62","103","45","103","249","314","749","528","557","58","0","86","2541","11"
"ORD","Terminal 5","8/6/2024","1700 - 1800","24","76","39","80","28","80","555","710","413","222","166","0","0","60","2126","9"
"ORD","Terminal 5","8/6/2024","1800 - 1900","21","48","28","51","23","51","282","739","237","27","0","0","0","45","1330","7"
"ORD","Terminal 5","8/6/2024","1900 - 2000","17","46","19","42","17","46","550","623","91","2","0","0","0","38","1304","7"
"ORD","Terminal 5","8/6/2024","2000 - 2100","6","13","6","11","6","13","156","0","0","0","0","0","0","2","158","1"
"ORD","Terminal 5","8/6/2024","2100 - 2200","11","26","13","26","12","26","198","109","0","0","0","0","0","16","323","1"
"ORD","Terminal 5","8/6/2024","2300 - 0000","17","30","15","30","17","30","63","86","0","0","0","0","0","3","152","1"
"ORD","Terminal 5","8/7/2024","0000 - 0100","44","94","43","95","44","95","18","85","71","77","81","3","0","10","345","2"
"ORD","Terminal 5","8/7/2024","0100 - 0200","65","91","67","97","66","97","25","10","12","95","249","23","0","11","425","2"
"ORD","Terminal 5","8/7/2024","0500 - 0600","48","86","44","86","46","86","26","48","83","75","91","0","0","7","330","2"
"ORD","Terminal 5","8/7/2024","0600 - 0700","30","52","35","56","33","56","22","87","153","48","0","0","0","9","319","1"
"ORD","Terminal 5","8/7/2024","0700 - 0800","60","132","71","153","65","153","22","65","153","83","129","120","49","21","642","2"
"ORD","Terminal 5","8/7/2024","0800 - 0900","82","125","91","132","88","132","18","31","26","10","130","323","25","20","583","2"
"ORD","Terminal 5","8/7/2024","0900 - 1000","85","145","93","145","90","145","12","23","20","20","173","149","121","16","534","2"
"ORD","Terminal 5","8/7/2024","1000 - 1100","52","98","56","98","54","98","24","30","21","54","116","14","0","9","268","1"
"ORD","Terminal 5","8/7/2024","1100 - 1200","45","99","49","101","47","101","148","134","168","206","296","41","0","38","1031","4"
"ORD","Terminal 5","8/7/2024","1200 - 1300","30","69","24","64","28","69","187","333","178","131","22","0","0","28","879","4"
"ORD","Terminal 5","8/7/2024","1300 - 1400","50","128","56","123","52","128","235","229","279","406","551","215","16","63","1994","8"
"ORD","Terminal 5","8/7/2024","1400 - 1500","68","137","85","151","74","151","297","122","94","62","856","718","135","73","2357","9"
"ORD","Terminal 5","8/7/2024","1500 - 1600","70","175","99","176","81","176","201","159","112","112","882","798","345","90","2699","12"
"ORD","Terminal 5","8/7/2024","1600 - 1700","54","147","98","162","69","162","310","146","193","403","827","306","335","75","2595","12"
"ORD","Terminal 5","8/7/2024","1700 - 1800","34","120","86","123","54","123","282","158","354","370","130","414","15","53","1776","7"
"ORD","Terminal 5","8/7/2024","1800 - 1900","33","74","53","87","36","87","266","180","682","393","92","0","0","46","1659","9"
"ORD","Terminal 5","8/7/2024","1900 - 2000","28","73","37","80","31","80","216","405","229","109","101","0","0","36","1096","5"
"ORD","Terminal 5","8/7/2024","2000 - 2100","10","25","14","25","11","25","224","114","0","0","0","0","0","15","353","2"
"ORD","Terminal 5","8/7/2024","2100 - 2200","12","31","16","31","14","31","171","135","5","0","0","0","0","10","321","1"
"ORD","Terminal 5","8/7/2024","2300 - 0000","43","95","41","89","42","95","44","65","69","101","70","4","0","10","363","2"
"ORD","Terminal 5","8/8/2024","0000 - 0100","96","157","96","159","96","159","18","23","18","63","122","123","192","14","573","3"
"ORD","Terminal 5","8/8/2024","0100 - 0200","120","171","129","175","123","175","13","34","31","8","8","103","447","23","667","3"
"ORD","Terminal 5","8/8/2024","0200 - 0300","96","115","100","116","97","116","7","10","3","0","0","157","0","4","181","1"
"ORD","Terminal 5","8/8/2024","0500 - 0600","31","52","19","51","23","52","44","52","35","8","0","0","0","5","144","1"
"ORD","Terminal 5","8/8/2024","0600 - 0700","59","115","69","115","66","115","34","16","54","111","201","110","0","14","540","2"
"ORD","Terminal 5","8/8/2024","0700 - 0800","64","102","70","130","67","130","23","40","24","94","402","58","8","20","669","2"
"ORD","Terminal 5","8/8/2024","0800 - 0900","38","66","46","66","43","66","26","4","51","105","20","0","0","4","210","1"
"ORD","Terminal 5","8/8/2024","0900 - 1000","73","152","73","154","73","154","57","121","117","90","145","202","143","27","902","3"
"ORD","Terminal 5","8/8/2024","1000 - 1100","70","136","106","138","87","138","130","33","13","29","81","374","186","21","867","3"
"ORD","Terminal 5","8/8/2024","1100 - 1200","55","107","71","106","62","107","71","27","33","100","289","98","0","17","635","3"
"ORD","Terminal 5","8/8/2024","1200 - 1300","30","56","38","58","34","58","140","77","396","172","0","0","0","31","816","4"
"ORD","Terminal 5","8/8/2024","1300 - 1400","32","109","70","143","47","143","425","569","597","411","434","284","82","92","2894","12"
"ORD","Terminal 5","8/8/2024","1400 - 1500","36","129","96","145","61","145","376","145","447","507","212","676","120","79","2562","9"
"ORD","Terminal 5","8/8/2024","1500 - 1600","44","139","105","146","70","146","194","110","254","639","197","295","436","69","2194","8"
"ORD","Terminal 5","8/8/2024","1600 - 1700","34","111","77","114","50","114","249","184","483","341","211","292","0","52","1812","9"
"ORD","Terminal 5","8/8/2024","1700 - 1800","22","55","43","69","29","69","226","688","434","277","21","0","0","54","1700","7"
"ORD","Terminal 5","8/8/2024","1800 - 1900","18","53","40","68","24","68","518","743","296","164","28","0","0","52","1801","9"
"ORD","Terminal 5","8/8/2024","1900 - 2000","15","37","16","37","15","37","389","300","28","0","0","0","0","10","727","4"
"ORD","Terminal 5","8/8/2024","2000 - 2100","17","42","19","42","17","42","309","285","90","0","0","0","0","22","706","3"
"ORD","Terminal 5","8/8/2024","2100 - 2200","12","38","25","41","17","41","222","157","92","0","0","0","0","12","483","2"
"ORD","Terminal 5","8/8/2024","2300 - 0000","44","92","51","103","47","103","51","54","40","40","97","19","0","8","309","2"
"ORD","Terminal 5","8/9/2024","0000 - 0100","94","122","89","121","92","122","3","1","0","14","76","122","6","5","227","1"
"ORD","Terminal 5","8/9/2024","0100 - 0200","95","120","90","120","93","120","0","3","15","12","39","158","0","3","230","1"
"ORD","Terminal 5","8/9/2024","0500 - 0600","54","100","48","100","50","100","57","76","53","43","113","47","0","9","398","2"
"ORD","Terminal 5","8/9/2024","0600 - 0700","56","96","73","96","67","96","48","52","30","23","562","57","0","21","793","3"
"ORD","Terminal 5","8/9/2024","0800 - 0900","32","73","38","79","36","79","158","167","260","150","116","0","0","28","879","3"
"ORD","Terminal 5","8/9/2024","0900 - 1000","47","72","54","83","52","83","15","14","31","75","100","0","0","8","243","1"
"ORD","Terminal 5","8/9/2024","1000 - 1100","46","80","63","81","54","81","81","34","3","94","337","0","0","12","561","2"
"ORD","Terminal 5","8/9/2024","1100 - 1200","20","52","27","52","23","52","259","362","250","35","0","0","0","24","930","4"
"ORD","Terminal 5","8/9/2024","1200 - 1300","6","30","13","34","10","34","413","143","6","0","0","0","0","20","582","3"
"ORD","Terminal 5","8/9/2024","1300 - 1400","11","41","16","44","12","44","1244","660","72","0","0","0","0","56","2032","8"
"ORD","Terminal 5","8/9/2024","1400 - 1500","25","84","23","68","24","84","528","807","588","84","8","0","0","60","2075","8"
"ORD","Terminal 5","8/9/2024","1500 - 1600","27","60","37","64","31","64","404","790","1043","389","22","0","0","81","2729","10"
"ORD","Terminal 5","8/9/2024","1600 - 1700","28","84","40","84","32","84","509","832","940","437","189","0","0","95","3002","12"
"ORD","Terminal 5","8/9/2024","1700 - 1800","15","40","23","40","17","40","599","674","132","0","0","0","0","47","1452","8"
"ORD","Terminal 5","8/9/2024","1800 - 1900","12","37","15","36","13","37","1490","816","53","0","0","0","0","64","2423","11"
"ORD","Terminal 5","8/9/2024","1900 - 2000","11","35","13","28","11","35","926","467","1","0","0","0","0","39","1433","7"
"ORD","Terminal 5","8/9/2024","2000 - 2100","13","44","23","46","16","46","380","295","89","3","0","0","0","23","790","3"
"ORD","Terminal 5","8/9/2024","2100 - 2200","10","23","19","25","13","25","83","73","0","0","0","0","0","3","159","1"
"ORD","Terminal 5","8/9/2024","2300 - 0000","14","34","16","32","15","34","102","98","7","0","0","0","0","7","214","1"
"ORD","Terminal 5","8/10/2024","0000 - 0100","39","94","43","94","41","94","90","142","129","181","136","4","0","17","699","4"
"ORD","Terminal 5","8/10/2024","0100 - 0200","45","58","48","58","46","58","0","26","22","126","0","0","0","5","179","1"
"ORD","Terminal 5","8/10/2024","0200 - 0300","18","36","18","36","18","36","98","70","47","0","0","0","0","6","221","1"
"ORD","Terminal 5","8/10/2024","0500 - 0600","36","80","41","80","39","80","102","81","142","65","121","0","0","15","526","3"
"ORD","Terminal 5","8/10/2024","0600 - 0700","40","86","54","86","49","86","73","18","68","191","185","0","0","14","549","2"
"ORD","Terminal 5","8/10/2024","0700 - 0800","55","80","54","80","55","80","21","41","9","36","153","0","0","9","269","1"
"ORD","Terminal 5","8/10/2024","0800 - 0900","38","71","42","70","40","71","40","99","115","183","25","0","0","15","477","2"
"ORD","Terminal 5","8/10/2024","0900 - 1000","38","77","41","77","40","77","154","194","290","326","175","0","0","32","1171","4"
"ORD","Terminal 5","8/10/2024","1000 - 1100","28","56","36","58","31","58","56","133","168","49","0","0","0","21","427","2"
"ORD","Terminal 5","8/10/2024","1100 - 1200","25","56","33","56","28","56","163","318","304","113","0","0","0","30","928","4"
"ORD","Terminal 5","8/10/2024","1200 - 1300","18","57","30","71","22","71","636","801","258","120","47","0","0","51","1913","8"
"ORD","Terminal 5","8/10/2024","1300 - 1400","17","50","31","55","19","55","517","614","165","53","0","0","0","31","1380","5"
"ORD","Terminal 5","8/10/2024","1400 - 1500","25","80","34","90","28","90","878","823","784","388","167","0","0","101","3141","12"
"ORD","Terminal 5","8/10/2024","1500 - 1600","23","70","45","74","31","74","462","622","585","345","143","0","0","63","2220","9"
"ORD","Terminal 5","8/10/2024","1600 - 1700","20","58","27","58","22","58","563","1142","450","67","0","0","0","67","2289","10"
"ORD","Terminal 5","8/10/2024","1700 - 1800","11","44","15","44","12","44","1894","670","135","0","0","0","0","75","2774","13"
"ORD","Terminal 5","8/10/2024","1800 - 1900","14","36","14","36","14","36","748","511","91","0","0","0","0","39","1389","8"
"ORD","Terminal 5","8/10/2024","1900 - 2000","18","44","17","44","18","44","836","693","288","0","0","0","0","43","1860","10"
"ORD","Terminal 5","8/10/2024","2000 - 2100","20","37","22","37","20","37","105","271","62","0","0","0","0","14","452","2"
"ORD","Terminal 5","8/10/2024","2100 - 2200","14","33","16","34","15","34","230","213","31","0","0","0","0","14","488","2"
"ORD","Terminal 5","8/10/2024","2300 - 0000","40","96","49","96","43","96","148","120","123","133","162","35","0","18","739","4"
"ORD","Terminal 5","8/11/2024","0100 - 0200","19","45","19","45","19","45","150","162","80","0","0","0","0","21","413","2"
"ORD","Terminal 5","8/11/2024","0200 - 0300","19","33","18","33","19","33","77","128","18","0","0","0","0","10","233","1"
"ORD","Terminal 5","8/11/2024","0500 - 0600","65","117","67","117","66","117","33","79","42","102","86","191","0","13","546","3"
"ORD","Terminal 5","8/11/2024","0600 - 0700","60","108","70","109","65","109","81","55","37","113","446","163","0","23","918","3"
"ORD","Terminal 5","8/11/2024","0700 - 0800","43","64","46","63","44","64","22","17","54","145","14","0","0","8","260","1"
"ORD","Terminal 5","8/11/2024","0900 - 1000","18","45","22","46","21","46","310","515","227","3","0","0","0","35","1090","4"
"ORD","Terminal 5","8/11/2024","1000 - 1100","20","53","26","53","23","53","263","238","191","61","0","0","0","25","778","3"
"ORD","Terminal 5","8/11/2024","1100 - 1200","16","41","17","41","16","41","358","203","118","0","0","0","0","18","697","3"
"ORD","Terminal 5","8/11/2024","1200 - 1300","14","44","17","44","15","44","1123","787","110","0","0","0","0","47","2067","9"
"ORD","Terminal 5","8/11/2024","1300 - 1400","14","52","17","53","15","53","1331","754","168","37","0","0","0","74","2364","9"
"ORD","Terminal 5","8/11/2024","1400 - 1500","21","57","21","48","21","57","624","739","386","59","0","0","0","52","1860","7"
"ORD","Terminal 5","8/11/2024","1500 - 1600","27","75","30","82","28","82","740","909","889","290","115","0","0","90","3033","12"
"ORD","Terminal 5","8/11/2024","1600 - 1700","27","57","34","54","28","57","422","326","854","178","0","0","0","54","1834","9"
"ORD","Terminal 5","8/11/2024","1700 - 1800","13","33","12","30","13","33","1073","775","14","0","0","0","0","57","1919","9"
"ORD","Terminal 5","8/11/2024","1800 - 1900","14","39","15","39","15","39","1216","867","103","0","0","0","0","69","2255","11"
"ORD","Terminal 5","8/11/2024","1900 - 2000","17","45","20","54","18","54","461","487","117","5","0","0","0","31","1101","6"
"ORD","Terminal 5","8/11/2024","2000 - 2100","11","27","13","27","11","27","522","205","0","0","0","0","0","12","739","3"
"ORD","Terminal 5","8/11/2024","2100 - 2200","15","27","12","27","14","27","174","140","0","0","0","0","0","9","323","1"
"ORD","Terminal 5","8/12/2024","0000 - 0100","19","40","18","44","19","44","113","149","47","0","0","0","0","8","317","2"
"ORD","Terminal 5","8/12/2024","0100 - 0200","29","52","31","52","30","52","76","131","169","64","0","0","0","11","451","2"
"ORD","Terminal 5","8/12/2024","0200 - 0300","9","21","9","20","9","21","144","28","0","0","0","0","0","4","176","1"
"ORD","Terminal 5","8/12/2024","0500 - 0600","62","105","66","110","64","110","38","27","31","74","150","79","0","11","410","2"
"ORD","Terminal 5","8/12/2024","0600 - 0700","58","90","64","90","60","90","24","27","18","81","250","0","0","17","417","2"
"ORD","Terminal 5","8/12/2024","0700 - 0800","71","144","78","144","75","144","48","74","32","103","371","174","99","27","928","3"
"ORD","Terminal 5","8/12/2024","0800 - 0900","68","122","101","124","91","124","8","16","7","4","10","149","5","7","206","1"
"ORD","Terminal 5","8/12/2024","0900 - 1000","77","138","94","138","87","138","37","47","32","23","175","376","108","23","821","3"
"ORD","Terminal 5","8/12/2024","1000 - 1100","49","86","65","86","58","86","34","33","2","45","199","0","0","7","320","1"
"ORD","Terminal 5","8/12/2024","1100 - 1200","37","75","45","72","40","75","220","121","180","417","177","0","0","36","1151","5"
"ORD","Terminal 5","8/12/2024","1200 - 1300","34","82","37","86","35","86","257","532","643","355","188","0","0","61","2036","8"
"ORD","Terminal 5","8/12/2024","1300 - 1400","36","69","42","68","38","69","275","170","541","571","87","0","0","43","1687","7"
"ORD","Terminal 5","8/12/2024","1400 - 1500","46","91","54","96","49","96","345","350","286","537","992","12","0","81","2603","9"
"ORD","Terminal 5","8/12/2024","1500 - 1600","47","104","73","113","55","113","263","150","232","549","956","178","0","75","2403","10"
"ORD","Terminal 5","8/12/2024","1600 - 1700","36","73","48","77","38","77","186","113","497","401","96","0","0","40","1333","7"
"ORD","Terminal 5","8/12/2024","1700 - 1800","34","64","37","61","35","64","348","191","708","567","25","0","0","60","1899","8"
"ORD","Terminal 5","8/12/2024","1800 - 1900","24","51","22","45","24","51","336","1093","501","25","0","0","0","56","2011","10"
"ORD","Terminal 5","8/12/2024","1900 - 2000","17","42","15","35","17","42","415","508","51","0","0","0","0","23","997","5"
"ORD","Terminal 5","8/12/2024","2000 - 2100","4","11","5","13","4","13","149","0","0","0","0","0","0","5","154","1"
"ORD","Terminal 5","8/12/2024","2100 - 2200","13","31","19","31","16","31","148","156","8","0","0","0","0","5","317","1"
"ORD","Terminal 5","8/12/2024","2300 - 0000","9","24","10","24","10","24","281","72","0","0","0","0","0","11","364","2"
"ORD","Terminal 5","8/13/2024","0000 - 0100","13","36","15","38","14","38","311","214","28","0","0","0","0","29","582","3"
"ORD","Terminal 5","8/13/2024","0100 - 0200","17","36","19","36","17","36","191","120","79","0","0","0","0","19","409","2"
"ORD","Terminal 5","8/13/2024","0500 - 0600","39","87","42","106","40","106","28","59","48","38","33","12","0","7","225","1"
"ORD","Terminal 5","8/13/2024","0600 - 0700","65","98","63","97","64","98","8","20","19","86","128","35","0","12","308","2"
"ORD","Terminal 5","8/13/2024","0700 - 0800","53","88","57","96","55","96","44","31","19","155","242","2","0","16","509","2"
"ORD","Terminal 5","8/13/2024","0800 - 0900","62","120","71","125","68","125","17","37","62","88","232","86","13","12","547","2"
"ORD","Terminal 5","8/13/2024","0900 - 1000","70","124","81","124","76","124","57","29","43","10","382","250","13","26","810","3"
"ORD","Terminal 5","8/13/2024","1000 - 1100","52","102","73","102","59","102","75","12","16","41","264","50","0","15","473","2"
"ORD","Terminal 5","8/13/2024","1100 - 1200","43","82","55","80","48","82","102","74","91","415","238","0","0","31","951","4"
"ORD","Terminal 5","8/13/2024","1200 - 1300","28","74","34","73","29","74","394","355","436","222","79","0","0","40","1526","7"
"ORD","Terminal 5","8/13/2024","1300 - 1400","33","67","30","59","32","67","368","375","885","379","37","0","0","52","2096","8"
"ORD","Terminal 5","8/13/2024","1400 - 1500","52","126","72","135","59","135","231","258","370","606","708","467","62","95","2797","10"
"ORD","Terminal 5","8/13/2024","1500 - 1600","58","136","89","136","68","136","221","175","94","142","1133","388","112","66","2331","10"
"ORD","Terminal 5","8/13/2024","1600 - 1700","40","70","52","91","43","91","97","74","185","210","171","2","0","26","765","4"
"ORD","Terminal 5","8/13/2024","1700 - 1800","15","42","28","49","18","49","1068","825","399","16","0","0","0","65","2373","12"
"ORD","Terminal 5","8/13/2024","1800 - 1900","22","61","33","64","25","64","365","181","199","123","9","0","0","23","900","4"
"ORD","Terminal 5","8/13/2024","1900 - 2000","19","65","15","64","18","65","596","224","70","86","38","0","0","37","1051","5"
"ORD","Terminal 5","8/13/2024","2000 - 2100","13","38","22","41","16","41","266","145","63","0","0","0","0","9","483","2"
"ORD","Terminal 5","8/13/2024","2300 - 0000","12","24","12","24","12","24","106","43","0","0","0","0","0","3","152","1"
"ORD","Terminal 5","8/14/2024","0000 - 0100","13","35","16","35","14","35","404","246","55","0","0","0","0","20","725","4"
"ORD","Terminal 5","8/14/2024","0100 - 0200","13","26","12","27","13","27","143","88","0","0","0","0","0","7","238","1"
"ORD","Terminal 5","8/14/2024","0500 - 0600","31","52","25","52","28","52","48","167","102","43","0","0","0","7","367","2"
"ORD","Terminal 5","8/14/2024","0600 - 0700","29","51","33","51","32","51","12","134","127","42","0","0","0","10","325","1"
"ORD","Terminal 5","8/14/2024","0700 - 0800","34","59","39","59","38","59","27","42","144","107","0","0","0","12","332","1"
"ORD","Terminal 5","8/14/2024","0800 - 0900","18","67","42","155","33","155","215","166","95","69","38","18","23","29","653","2"
"ORD","Terminal 5","8/14/2024","0900 - 1000","101","180","92","176","95","180","31","18","45","71","230","79","262","21","757","3"
"ORD","Terminal 5","8/14/2024","1000 - 1100","82","151","114","151","98","151","160","54","33","27","48","326","568","44","1260","5"
"ORD","Terminal 5","8/14/2024","1100 - 1200","71","110","87","111","77","111","37","15","30","19","133","193","0","11","438","2"
"ORD","Terminal 5","8/14/2024","1200 - 1300","53","112","66","109","57","112","253","113","95","251","905","107","0","54","1778","7"
"ORD","Terminal 5","8/14/2024","1300 - 1400","34","77","44","79","38","79","266","201","662","502","167","0","0","60","1858","8"
"ORD","Terminal 5","8/14/2024","1400 - 1500","31","87","65","110","43","110","383","431","685","253","676","72","0","84","2584","10"
"ORD","Terminal 5","8/14/2024","1500 - 1600","34","94","64","99","47","99","285","368","557","485","590","129","0","72","2486","10"
"ORD","Terminal 5","8/14/2024","1600 - 1700","34","66","44","67","36","67","139","121","445","282","30","0","0","26","1043","6"
"ORD","Terminal 5","8/14/2024","1700 - 1800","17","47","18","43","17","47","1082","965","269","6","0","0","0","66","2388","11"
"ORD","Terminal 5","8/14/2024","1800 - 1900","22","43","24","43","23","43","169","507","204","0","0","0","0","29","909","5"
"ORD","Terminal 5","8/14/2024","1900 - 2000","9","29","10","29","9","29","632","174","0","0","0","0","0","32","838","5"
"ORD","Terminal 5","8/14/2024","2100 - 2200","25","69","40","69","31","69","186","202","219","145","49","0","0","20","821","3"
"ORD","Terminal 5","8/14/2024","2300 - 0000","9","20","9","20","9","20","180","54","0","0","0","0","0","5","239","1"
"ORD","Terminal 5","8/15/2024","0000 - 0100","9","26","9","29","9","29","419","105","0","0","0","0","0","16","540","3"
"ORD","Terminal 5","8/15/2024","0100 - 0200","12","35","14","35","13","35","355","231","6","0","0","0","0","21","613","3"
"ORD","Terminal 5","8/15/2024","0200 - 0300","32","55","25","55","29","55","43","47","48","32","0","0","0","7","177","1"
"ORD","Terminal 5","8/15/2024","0300 - 0400","29","49","28","49","29","49","43","34","72","20","0","0","0","6","175","1"
"ORD","Terminal 5","8/15/2024","0500 - 0600","54","103","56","102","55","103","53","64","42","34","104","81","0","9","387","2"
"ORD","Terminal 5","8/15/2024","0600 - 0700","45","82","65","89","59","89","41","1","0","63","183","0","0","9","297","1"
"ORD","Terminal 5","8/15/2024","0700 - 0800","28","46","40","76","33","76","11","105","114","20","12","0","0","10","272","1"
"ORD","Terminal 5","8/15/2024","0800 - 0900","30","60","37","62","35","62","26","150","244","108","3","0","0","13","544","2"
"ORD","Terminal 5","8/15/2024","0900 - 1000","52","117","50","122","50","122","152","139","164","143","107","174","1","29","909","3"
"ORD","Terminal 5","8/15/2024","1000 - 1100","63","130","69","125","66","130","65","22","25","100","272","109","16","21","630","3"
"ORD","Terminal 5","8/15/2024","1100 - 1200","46","99","60","99","53","99","106","52","130","212","316","54","0","26","896","4"
"ORD","Terminal 5","8/15/2024","1200 - 1300","27","81","33","55","30","81","157","182","407","100","1","0","0","32","879","6"
"ORD","Terminal 5","8/15/2024","1300 - 1400","36","73","45","79","39","79","146","195","549","400","159","0","0","49","1498","5"
"ORD","Terminal 5","8/15/2024","1400 - 1500","36","102","65","116","49","116","303","280","583","473","568","219","0","76","2502","10"
"ORD","Terminal 5","8/15/2024","1500 - 1600","33","74","57","93","46","93","160","123","403","244","418","3","0","50","1401","6"
"ORD","Terminal 5","8/15/2024","1600 - 1700","33","97","63","106","44","106","330","435","831","671","462","122","0","88","2939","13"
"ORD","Terminal 5","8/15/2024","1700 - 1800","9","34","20","38","12","38","497","173","34","0","0","0","0","27","731","4"
"ORD","Terminal 5","8/15/2024","1800 - 1900","14","34","15","32","14","34","616","431","29","0","0","0","0","36","1112","7"
"ORD","Terminal 5","8/15/2024","1900 - 2000","11","33","11","31","11","33","721","205","12","0","0","0","0","29","967","5"
"ORD","Terminal 5","8/15/2024","2000 - 2100","24","65","35","73","28","73","372","213","72","175","97","0","0","25","954","4"
"ORD","Terminal 5","8/15/2024","2100 - 2200","15","52","21","52","17","52","235","121","87","18","0","0","0","15","476","2"
"ORD","Terminal 5","8/15/2024","2200 - 2300","15","29","16","29","15","29","135","139","0","0","0","0","0","10","284","1"
"ORD","Terminal 5","8/15/2024","2300 - 0000","7","19","10","19","8","19","125","22","0","0","0","0","0","2","149","1"
"ORD","Terminal 5","8/16/2024","0000 - 0100","31","59","30","58","31","59","50","139","131","60","0","0","0","12","392","2"
"ORD","Terminal 5","8/16/2024","0100 - 0200","14","28","14","28","14","28","118","103","0","0","0","0","0","10","231","1"
"ORD","Terminal 5","8/16/2024","0500 - 0600","37","83","45","83","41","83","142","67","54","100","172","0","0","15","550","3"
"ORD","Terminal 5","8/16/2024","0700 - 0800","15","53","34","58","29","58","157","170","178","128","0","0","0","18","651","2"
"ORD","Terminal 5","8/16/2024","0800 - 0900","16","45","27","69","21","69","192","203","58","34","10","0","0","14","511","2"
"ORD","Terminal 5","8/16/2024","0900 - 1000","22","76","53","110","42","110","222","225","192","182","240","84","0","36","1181","4"
"ORD","Terminal 5","8/16/2024","1000 - 1100","10","29","36","57","22","57","106","42","81","15","0","0","0","8","252","1"
"ORD","Terminal 5","8/16/2024","1100 - 1200","11","34","22","41","16","41","281","214","80","0","0","0","0","22","597","3"
"ORD","Terminal 5","8/16/2024","1200 - 1300","12","60","23","61","16","61","848","534","204","27","1","0","0","54","1668","8"
"ORD","Terminal 5","8/16/2024","1300 - 1400","14","35","18","40","15","40","858","811","78","0","0","0","0","41","1788","8"
"ORD","Terminal 5","8/16/2024","1400 - 1500","25","84","26","75","25","84","902","686","492","332","107","0","0","72","2591","10"
"ORD","Terminal 5","8/16/2024","1500 - 1600","45","104","69","115","58","115","193","129","191","623","924","194","0","72","2326","8"
"ORD","Terminal 5","8/16/2024","1600 - 1700","40","90","64","96","46","96","301","207","331","655","533","35","0","54","2116","10"
"ORD","Terminal 5","8/16/2024","1700 - 1800","18","63","36","67","26","67","265","284","195","133","14","0","0","26","917","4"
"ORD","Terminal 5","8/16/2024","1800 - 1900","28","70","44","72","33","72","372","560","973","434","90","0","0","62","2491","14"
"ORD","Terminal 5","8/16/2024","1900 - 2000","13","32","15","32","13","32","475","327","4","0","0","0","0","27","833","4"
"ORD","Terminal 5","8/16/2024","2000 - 2100","9","18","9","18","9","18","149","20","0","0","0","0","0","5","174","1"
"ORD","Terminal 5","8/16/2024","2100 - 2200","11","30","15","33","13","33","298","175","16","0","0","0","0","15","504","2"
"ORD","Terminal 5","8/16/2024","2200 - 2300","10","21","11","20","10","21","328","74","0","0","0","0","0","13","415","2"
"ORD","Terminal 5","8/16/2024","2300 - 0000","34","86","36","87","35","87","79","85","74","58","54","0","0","15","365","2"
"ORD","Terminal 5","8/17/2024","0000 - 0100","54","98","54","98","54","98","19","29","35","99","139","4","0","10","335","2"
"ORD","Terminal 5","8/17/2024","0100 - 0200","73","114","69","114","71","114","16","34","43","64","213","157","0","22","549","3"
"ORD","Terminal 5","8/17/2024","0500 - 0600","35","122","51","127","43","127","86","106","60","22","29","52","13","10","378","2"
"ORD","Terminal 5","8/17/2024","0600 - 0700","53","151","97","160","79","160","40","60","80","159","276","240","168","32","1055","4"
"ORD","Terminal 5","8/17/2024","0700 - 0800","31","116","84","116","41","116","24","109","78","0","0","46","0","6","263","1"
"ORD","Terminal 5","8/17/2024","0800 - 0900","9","57","61","85","46","85","58","6","1","39","84","0","0","5","193","1"
"ORD","Terminal 5","8/17/2024","0900 - 1000","23","146","101","166","76","166","151","236","76","3","79","294","288","38","1165","4"
"ORD","Terminal 5","8/17/2024","1000 - 1100","18","48","93","126","50","126","54","107","10","5","2","50","30","6","264","1"
"ORD","Terminal 5","8/17/2024","1100 - 1200","14","66","59","90","32","90","275","205","39","46","189","0","0","25","779","3"
"ORD","Terminal 5","8/17/2024","1200 - 1300","19","55","36","73","25","73","421","464","370","141","22","0","0","45","1463","7"
"ORD","Terminal 5","8/17/2024","1300 - 1400","24","65","35","73","28","73","345","553","449","185","50","0","0","49","1631","6"
"ORD","Terminal 5","8/17/2024","1400 - 1500","29","95","50","95","36","95","672","483","457","658","351","24","0","73","2718","10"
"ORD","Terminal 5","8/17/2024","1500 - 1600","44","136","77","139","60","139","284","96","241","682","856","297","36","80","2572","10"
"ORD","Terminal 5","8/17/2024","1600 - 1700","42","107","74","107","49","107","197","129","163","537","241","143","0","41","1451","7"
"ORD","Terminal 5","8/17/2024","1700 - 1800","19","46","31","55","23","55","467","909","435","80","0","0","0","54","1945","10"
"ORD","Terminal 5","8/17/2024","1800 - 1900","21","50","23","49","21","50","594","937","353","34","0","0","0","52","1970","10"
"ORD","Terminal 5","8/17/2024","1900 - 2000","28","61","28","61","28","61","503","746","537","370","3","0","0","66","2225","12"
"ORD","Terminal 5","8/17/2024","2000 - 2100","39","70","43","70","40","70","90","98","345","215","102","0","0","35","885","4"
"ORD","Terminal 5","8/17/2024","2100 - 2200","39","72","48","74","42","74","101","38","123","213","116","0","0","17","608","2"
"ORD","Terminal 5","8/17/2024","2200 - 2300","15","27","18","27","16","27","119","150","0","0","0","0","0","2","271","1"
"ORD","Terminal 5","8/17/2024","2300 - 0000","26","55","21","55","24","55","110","84","90","31","0","0","0","15","330","2"
"ORD","Terminal 5","8/18/2024","0000 - 0100","35","54","37","54","36","54","10","33","64","46","0","0","0","5","158","1"
"ORD","Terminal 5","8/18/2024","0100 - 0200","14","25","15","25","14","25","96","79","0","0","0","0","0","4","179","1"
"ORD","Terminal 5","8/18/2024","0200 - 0300","16","39","17","39","16","39","196","133","56","0","0","0","0","11","396","2"
"ORD","Terminal 5","8/18/2024","0500 - 0600","42","89","41","89","41","89","64","87","70","39","111","0","0","7","378","2"
"ORD","Terminal 5","8/18/2024","0600 - 0700","58","88","68","91","62","91","27","29","34","95","542","6","0","18","751","3"
"ORD","Terminal 5","8/18/2024","0700 - 0800","11","23","12","23","11","23","171","75","0","0","0","0","0","13","259","1"
"ORD","Terminal 5","8/18/2024","0900 - 1000","20","47","38","78","30","78","248","208","223","130","75","0","0","33","917","3"
"ORD","Terminal 5","8/18/2024","1000 - 1100","24","91","35","92","30","92","246","335","222","114","85","6","0","31","1039","4"
"ORD","Terminal 5","8/18/2024","1100 - 1200","24","55","41","56","31","56","115","141","230","128","0","0","0","19","633","3"
"ORD","Terminal 5","8/18/2024","1200 - 1300","14","41","19","38","16","41","476","379","134","0","0","0","0","34","1023","5"
"ORD","Terminal 5","8/18/2024","1300 - 1400","16","45","21","47","18","47","829","718","350","2","0","0","0","64","1963","8"
"ORD","Terminal 5","8/18/2024","1400 - 1500","19","74","30","72","24","74","798","856","435","267","44","0","0","80","2480","10"
"ORD","Terminal 5","8/18/2024","1500 - 1600","29","67","44","76","34","76","550","534","803","656","176","0","0","84","2803","10"
"ORD","Terminal 5","8/18/2024","1600 - 1700","37","76","47","76","40","76","335","266","507","748","269","0","0","63","2188","9"
"ORD","Terminal 5","8/18/2024","1700 - 1800","25","53","23","53","24","53","567","629","651","123","0","0","0","64","2034","10"
"ORD","Terminal 5","8/18/2024","1800 - 1900","24","66","25","53","24","66","551","1138","515","83","14","0","0","69","2370","12"
"ORD","Terminal 5","8/18/2024","1900 - 2000","17","37","18","38","17","38","411","666","35","0","0","0","0","36","1148","6"
"ORD","Terminal 5","8/18/2024","2000 - 2100","11","38","14","38","12","38","896","279","110","0","0","0","0","34","1319","6"
"ORD","Terminal 5","8/18/2024","2300 - 0000","27","60","35","61","30","61","95","89","179","71","1","0","0","18","453","2"
"ORD","Terminal 5","8/19/2024","0000 - 0100","43","88","45","90","44","90","104","102","103","95","199","0","0","18","621","3"
"ORD","Terminal 5","8/19/2024","0200 - 0300","12","26","10","26","12","26","116","56","0","0","0","0","0","9","181","1"
"ORD","Terminal 5","8/19/2024","0500 - 0600","20","36","18","34","19","36","59","70","33","0","0","0","0","8","170","1"
"ORD","Terminal 5","8/19/2024","0600 - 0700","67","152","82","153","75","153","78","44","48","178","437","193","130","32","1140","4"
"ORD","Terminal 5","8/19/2024","0800 - 0900","28","110","63","131","49","131","88","87","148","108","105","64","19","25","644","2"
"ORD","Terminal 5","8/19/2024","0900 - 1000","34","131","120","177","88","177","44","131","59","68","50","92","274","22","740","3"
"ORD","Terminal 5","8/19/2024","1000 - 1100","36","127","105","141","64","141","125","162","191","194","51","139","234","37","1133","4"
"ORD","Terminal 5","8/19/2024","1100 - 1200","19","46","71","105","36","105","151","69","113","2","105","22","0","15","477","2"
"ORD","Terminal 5","8/19/2024","1200 - 1300","15","40","29","54","19","54","301","236","76","39","0","0","0","13","665","3"
"ORD","Terminal 5","8/19/2024","1300 - 1400","16","52","19","50","17","52","941","786","190","28","0","0","0","52","1997","8"
"ORD","Terminal 5","8/19/2024","1400 - 1500","18","69","27","73","22","73","704","606","282","135","44","0","0","52","1823","6"
"ORD","Terminal 5","8/19/2024","1500 - 1600","31","84","54","93","39","93","473","565","490","734","506","5","0","82","2855","11"
"ORD","Terminal 5","8/19/2024","1600 - 1700","33","63","39","69","35","69","346","424","721","623","76","0","0","55","2245","9"
"ORD","Terminal 5","8/19/2024","1700 - 1800","17","47","20","47","18","47","766","703","270","9","0","0","0","47","1795","7"
"ORD","Terminal 5","8/19/2024","1800 - 1900","12","36","11","45","12","45","1064","440","36","0","0","0","0","40","1580","8"
"ORD","Terminal 5","8/19/2024","1900 - 2000","8","21","7","22","8","22","554","59","0","0","0","0","0","24","637","4"
"ORD","Terminal 5","8/19/2024","2000 - 2100","12","40","9","32","11","40","418","127","19","0","0","0","0","17","581","3"
"ORD","Terminal 5","8/19/2024","2100 - 2200","12","32","17","32","15","32","181","125","17","0","0","0","0","9","332","1"
"ORD","Terminal 5","8/19/2024","2300 - 0000","6","14","6","14","6","14","132","0","0","0","0","0","0","4","136","1"
"ORD","Terminal 5","8/20/2024","0000 - 0100","21","42","22","39","22","42","152","261","123","0","0","0","0","15","551","3"
"ORD","Terminal 5","8/20/2024","0100 - 0200","10","18","10","18","10","18","134","31","0","0","0","0","0","6","171","1"
"ORD","Terminal 5","8/20/2024","0500 - 0600","14","34","17","34","15","34","168","153","20","0","0","0","0","10","351","2"
"ORD","Terminal 5","8/20/2024","0600 - 0700","32","65","38","65","35","65","106","95","125","163","41","0","0","7","537","2"
"ORD","Terminal 5","8/20/2024","0800 - 0900","27","86","56","110","43","110","177","135","117","131","161","72","0","26","819","3"
"ORD","Terminal 5","8/20/2024","0900 - 1000","31","122","87","131","73","131","47","85","66","27","101","207","58","21","612","2"
"ORD","Terminal 5","8/20/2024","1000 - 1100","40","126","111","151","80","151","126","102","158","65","131","208","355","35","1180","4"
"ORD","Terminal 5","8/20/2024","1100 - 1200","30","61","50","88","35","88","158","122","282","195","60","0","0","27","844","4"
"ORD","Terminal 5","8/20/2024","1200 - 1300","29","55","32","52","30","55","110","175","488","29","0","0","0","29","831","4"
"ORD","Terminal 5","8/20/2024","1300 - 1400","18","42","17","41","17","42","1139","1225","310","0","0","0","0","79","2753","10"
"ORD","Terminal 5","8/20/2024","1400 - 1500","22","62","33","80","27","80","723","673","621","287","105","0","0","77","2486","9"
"ORD","Terminal 5","8/20/2024","1500 - 1600","38","77","48","76","41","77","352","274","638","842","333","0","0","73","2512","10"
"ORD","Terminal 5","8/20/2024","1600 - 1700","32","59","31","60","31","60","69","103","5","130","0","0","0","7","314","3"
"ORD","Terminal 5","8/20/2024","1700 - 1800","13","42","18","42","14","42","1134","808","131","0","0","0","0","52","2125","8"
"ORD","Terminal 5","8/20/2024","1800 - 1900","10","36","9","33","10","36","789","135","13","0","0","0","0","24","961","5"
"ORD","Terminal 5","8/20/2024","1900 - 2000","17","42","13","42","16","42","577","226","194","0","0","0","0","25","1022","5"
"ORD","Terminal 5","8/20/2024","2000 - 2100","13","37","23","43","15","43","241","146","41","0","0","0","0","14","442","2"
"ORD","Terminal 5","8/20/2024","2100 - 2200","14","39","21","40","17","40","143","131","47","0","0","0","0","7","328","1"
"ORD","Terminal 5","8/21/2024","0000 - 0100","24","55","22","55","23","55","249","205","95","87","0","0","0","12","648","4"
"ORD","Terminal 5","8/21/2024","0100 - 0200","11","20","11","20","11","20","149","55","0","0","0","0","0","6","210","1"
"ORD","Terminal 5","8/21/2024","0500 - 0600","25","48","25","50","25","50","70","61","77","18","0","0","0","6","232","1"
"ORD","Terminal 5","8/21/2024","0600 - 0700","23","46","35","50","31","50","44","79","149","35","0","0","0","10","317","1"
"ORD","Terminal 5","8/21/2024","0700 - 0800","27","49","37","101","33","101","29","177","191","50","20","1","0","16","484","2"
"ORD","Terminal 5","8/21/2024","0800 - 0900","10","34","24","44","19","44","223","239","100","0","0","0","0","18","580","2"
"ORD","Terminal 5","8/21/2024","0900 - 1000","14","48","25","55","22","55","152","256","103","11","0","0","0","21","543","2"
"ORD","Terminal 5","8/21/2024","1000 - 1100","6","27","16","27","10","27","303","138","0","0","0","0","0","13","454","2"
"ORD","Terminal 5","8/21/2024","1100 - 1200","18","43","22","51","20","51","203","205","116","13","0","0","0","23","560","2"
"ORD","Terminal 5","8/21/2024","1200 - 1300","19","48","19","49","19","49","768","475","384","23","0","0","0","53","1703","7"
"ORD","Terminal 5","8/21/2024","1300 - 1400","14","38","13","38","14","38","948","529","74","0","0","0","0","51","1602","7"
"ORD","Terminal 5","8/21/2024","1400 - 1500","39","122","39","124","39","124","737","849","416","324","444","261","6","96","3133","12"
"ORD","Terminal 5","8/21/2024","1500 - 1600","71","133","94","139","81","139","138","134","78","53","609","925","112","64","2113","9"
"ORD","Terminal 5","8/21/2024","1600 - 1700","45","100","69","110","50","110","190","85","243","468","429","81","0","45","1541","7"
"ORD","Terminal 5","8/21/2024","1700 - 1800","31","81","50","106","36","106","216","358","514","213","189","13","0","56","1559","7"
"ORD","Terminal 5","8/21/2024","1800 - 1900","28","55","41","61","31","61","180","188","647","106","1","0","0","33","1155","6"
"ORD","Terminal 5","8/21/2024","1900 - 2000","17","41","20","41","18","41","321","538","55","0","0","0","0","21","935","5"
"ORD","Terminal 5","8/21/2024","2000 - 2100","7","20","9","20","7","20","364","52","0","0","0","0","0","7","423","2"
"ORD","Terminal 5","8/21/2024","2100 - 2200","19","41","25","46","22","46","94","140","78","5","0","0","0","9","326","1"
"ORD","Terminal 5","8/22/2024","0000 - 0100","18","51","19","48","18","51","401","321","135","19","0","0","0","30","906","5"
"ORD","Terminal 5","8/22/2024","0100 - 0200","7","16","8","17","8","17","155","10","0","0","0","0","0","6","171","1"
"ORD","Terminal 5","8/22/2024","0200 - 0300","9","21","14","23","13","23","106","69","0","0","0","0","0","3","178","1"
"ORD","Terminal 5","8/22/2024","0500 - 0600","21","36","20","36","21","36","55","84","39","0","0","0","0","6","184","1"
"ORD","Terminal 5","8/22/2024","0600 - 0700","26","61","47","80","41","80","62","111","107","121","117","0","0","17","535","2"
"ORD","Terminal 5","8/22/2024","0700 - 0800","19","65","43","71","36","71","91","35","65","73","57","0","0","9","330","1"
"ORD","Terminal 5","8/22/2024","0800 - 0900","20","74","32","81","27","81","212","312","161","69","42","0","0","27","823","3"
"ORD","Terminal 5","8/22/2024","0900 - 1000","36","81","63","104","53","104","3","35","79","53","108","11","0","9","298","1"
"ORD","Terminal 5","8/22/2024","1000 - 1100","17","59","44","78","29","78","161","239","137","123","38","0","0","27","725","4"
"ORD","Terminal 5","8/22/2024","1100 - 1200","28","70","47","79","38","79","99","294","336","233","124","0","0","33","1119","4"
"ORD","Terminal 5","8/22/2024","1200 - 1300","19","49","26","55","22","55","620","806","480","43","0","0","0","59","2008","9"
"ORD","Terminal 5","8/22/2024","1300 - 1400","19","41","24","47","21","47","419","817","211","2","0","0","0","44","1493","6"
"ORD","Terminal 5","8/22/2024","1400 - 1500","17","64","37","131","24","131","786","645","298","156","76","0","17","56","2034","8"
"ORD","Terminal 5","8/22/2024","1500 - 1600","37","113","69","115","50","115","355","458","721","526","1036","204","0","113","3413","13"
"ORD","Terminal 5","8/22/2024","1600 - 1700","41","76","63","84","49","84","62","15","52","139","167","0","0","13","448","3"
"ORD","Terminal 5","8/22/2024","1700 - 1800","9","22","11","20","9","22","557","114","0","0","0","0","0","19","690","4"
"ORD","Terminal 5","8/22/2024","1800 - 1900","12","35","14","34","13","35","728","388","23","0","0","0","0","30","1169","7"
"ORD","Terminal 5","8/22/2024","1900 - 2000","24","79","38","88","28","88","562","219","276","178","160","0","0","51","1446","6"
"ORD","Terminal 5","8/22/2024","2000 - 2100","31","65","47","80","37","80","100","184","216","175","80","0","0","22","777","3"
"ORD","Terminal 5","8/22/2024","2100 - 2200","33","52","47","54","35","54","27","13","72","38","0","0","0","4","154","1"
"ORD","Terminal 5","8/23/2024","0000 - 0100","32","77","40","77","36","77","182","125","144","196","108","0","0","27","782","4"
"ORD","Terminal 5","8/23/2024","0100 - 0200","54","66","55","66","55","66","1","5","10","103","50","0","0","5","174","1"
"ORD","Terminal 5","8/23/2024","0400 - 0500","11","22","11","20","11","22","89","48","0","0","0","0","0","5","142","1"
"ORD","Terminal 5","8/23/2024","0500 - 0600","22","52","26","55","25","55","62","90","37","31","0","0","0","6","226","1"
"ORD","Terminal 5","8/23/2024","0600 - 0700","8","47","37","57","29","57","96","49","76","84","0","0","0","11","316","1"
"ORD","Terminal 5","8/23/2024","0700 - 0800","19","42","27","46","25","46","73","154","101","3","0","0","0","11","342","1"
"ORD","Terminal 5","8/23/2024","0800 - 0900","12","94","35","110","28","110","323","187","99","66","63","42","0","26","806","3"
"ORD","Terminal 5","8/23/2024","0900 - 1000","31","121","81","131","62","131","13","47","92","18","23","65","26","9","293","1"
"ORD","Terminal 5","8/23/2024","1000 - 1100","22","117","97","141","57","141","228","167","139","71","30","261","96","30","1022","4"
"ORD","Terminal 5","8/23/2024","1100 - 1200","8","28","63","93","26","93","93","20","0","3","32","4","0","8","160","1"
"ORD","Terminal 5","8/23/2024","1200 - 1300","23","60","46","70","32","70","239","235","359","262","51","0","0","35","1181","5"
"ORD","Terminal 5","8/23/2024","1300 - 1400","21","51","23","58","21","58","806","1096","615","65","0","0","0","91","2673","12"
"ORD","Terminal 5","8/23/2024","1400 - 1500","33","95","51","95","41","95","168","376","555","414","311","16","0","55","1895","8"
"ORD","Terminal 5","8/23/2024","1500 - 1600","36","131","66","132","46","132","363","427","869","658","566","149","58","103","3193","12"
"ORD","Terminal 5","8/23/2024","1600 - 1700","33","94","66","105","44","105","160","238","427","242","330","35","0","53","1485","8"
"ORD","Terminal 5","8/23/2024","1700 - 1800","18","61","45","71","27","71","419","299","289","144","61","0","0","37","1249","6"
"ORD","Terminal 5","8/23/2024","1800 - 1900","13","35","13","33","13","35","680","423","21","0","0","0","0","41","1165","6"
"ORD","Terminal 5","8/23/2024","1900 - 2000","15","40","17","41","16","41","523","463","71","0","0","0","0","33","1090","5"
"ORD","Terminal 5","8/23/2024","2000 - 2100","14","32","15","32","14","32","209","189","8","0","0","0","0","9","415","2"
"ORD","Terminal 5","8/23/2024","2100 - 2200","11","35","15","35","12","35","324","97","50","0","0","0","0","9","480","2"
"ORD","Terminal 5","8/23/2024","2300 - 0000","26","55","28","58","27","58","64","50","70","32","0","0","0","7","223","1"
"ORD","Terminal 5","8/24/2024","0000 - 0100","46","88","46","85","46","88","31","87","112","90","139","0","0","14","473","3"
"ORD","Terminal 5","8/24/2024","0100 - 0200","63","98","57","98","60","98","50","1","0","73","199","16","0","17","356","2"
"ORD","Terminal 5","8/24/2024","0400 - 0500","22","36","25","42","23","42","27","85","48","0","0","0","0","4","164","1"
"ORD","Terminal 5","8/24/2024","0500 - 0600","23","52","25","52","24","52","107","108","69","46","0","0","0","9","339","2"
"ORD","Terminal 5","8/24/2024","0600 - 0700","21","63","43","70","34","70","89","173","123","122","49","0","0","13","569","2"
"ORD","Terminal 5","8/24/2024","0700 - 0800","21","65","45","70","38","70","50","68","74","90","46","0","0","10","338","1"
"ORD","Terminal 5","8/24/2024","0800 - 0900","40","118","53","121","48","121","44","184","226","141","140","79","1","27","842","3"
"ORD","Terminal 5","8/24/2024","0900 - 1000","38","188","120","193","92","193","67","39","81","118","21","151","282","20","779","3"
"ORD","Terminal 5","8/24/2024","1000 - 1100","18","48","93","148","50","148","166","173","51","5","11","41","118","13","578","2"
"ORD","Terminal 5","8/24/2024","1100 - 1200","14","91","60","93","32","93","164","127","18","1","98","16","0","14","438","2"
"ORD","Terminal 5","8/24/2024","1200 - 1300","13","69","44","74","24","74","756","530","32","283","127","0","0","60","1788","8"
"ORD","Terminal 5","8/24/2024","1300 - 1400","17","52","27","56","19","56","556","783","127","85","0","0","0","46","1597","7"
"ORD","Terminal 5","8/24/2024","1400 - 1500","29","95","61","108","43","108","571","577","473","434","680","203","0","96","3034","11"
"ORD","Terminal 5","8/24/2024","1500 - 1600","47","128","85","131","59","131","313","147","182","666","716","481","31","82","2618","11"
"ORD","Terminal 5","8/24/2024","1600 - 1700","42","96","78","111","55","111","145","47","129","238","277","166","0","32","1034","5"
"ORD","Terminal 5","8/24/2024","1700 - 1800","20","54","32","57","23","57","454","716","382","67","0","0","0","49","1668","9"
"ORD","Terminal 5","8/24/2024","1800 - 1900","29","57","31","57","30","57","341","670","1154","180","0","0","0","69","2414","12"
"ORD","Terminal 5","8/24/2024","1900 - 2000","27","60","31","60","28","60","90","268","258","29","0","0","0","15","660","3"
"ORD","Terminal 5","8/24/2024","2000 - 2100","28","56","24","54","27","56","206","108","207","114","0","0","0","22","657","3"
"ORD","Terminal 5","8/24/2024","2100 - 2200","29","56","34","56","30","56","84","114","102","113","0","0","0","15","428","2"
"ORD","Terminal 5","8/24/2024","2300 - 0000","32","54","33","54","32","54","29","64","70","54","0","0","0","7","224","1"
"ORD","Terminal 5","8/25/2024","0000 - 0100","75","154","82","154","78","154","26","60","47","72","86","129","105","21","546","3"
"ORD","Terminal 5","8/25/2024","0200 - 0300","71","92","68","92","70","92","22","6","2","20","291","5","0","18","364","2"
"ORD","Terminal 5","8/25/2024","0500 - 0600","31","82","36","84","33","84","88","87","80","20","59","0","0","10","344","2"
"ORD","Terminal 5","8/25/2024","0600 - 0700","63","87","57","87","61","87","14","15","19","56","168","0","0","5","277","1"
"ORD","Terminal 5","8/25/2024","0700 - 0800","23","51","37","65","34","65","92","130","170","107","42","0","0","16","557","2"
"ORD","Terminal 5","8/25/2024","0800 - 0900","17","53","25","61","23","61","155","240","141","22","1","0","0","19","578","2"
"ORD","Terminal 5","8/25/2024","0900 - 1000","44","91","79","135","64","135","95","94","129","160","289","251","32","31","1081","4"
"ORD","Terminal 5","8/25/2024","1000 - 1100","20","77","61","80","27","80","76","83","33","4","29","0","0","7","232","1"
"ORD","Terminal 5","8/25/2024","1100 - 1200","14","43","47","80","30","80","196","130","141","35","87","0","0","16","605","2"
"ORD","Terminal 5","8/25/2024","1200 - 1300","15","49","17","49","15","49","938","671","125","14","0","0","0","58","1806","9"
"ORD","Terminal 5","8/25/2024","1300 - 1400","23","57","22","57","22","57","530","926","446","51","0","0","0","57","2010","8"
"ORD","Terminal 5","8/25/2024","1400 - 1500","42","114","50","114","45","114","575","354","278","508","946","54","0","86","2801","11"
"ORD","Terminal 5","8/25/2024","1500 - 1600","42","92","69","99","53","99","146","76","217","464","520","28","0","47","1498","6"
"ORD","Terminal 5","8/25/2024","1600 - 1700","28","63","40","66","31","66","328","265","628","235","23","0","0","41","1520","8"
"ORD","Terminal 5","8/25/2024","1700 - 1800","10","31","17","38","13","38","1002","512","56","0","0","0","0","41","1611","7"
"ORD","Terminal 5","8/25/2024","1800 - 1900","17","45","20","45","18","45","836","830","250","0","0","0","0","60","1976","9"
"ORD","Terminal 5","8/25/2024","1900 - 2000","15","30","17","30","15","30","216","260","0","0","0","0","0","12","488","3"
"ORD","Terminal 5","8/25/2024","2000 - 2100","8","17","9","17","8","17","142","6","0","0","0","0","0","8","156","1"
"ORD","Terminal 5","8/25/2024","2100 - 2200","34","52","32","52","33","52","8","120","135","45","0","0","0","8","316","1"
"ORD","Terminal 5","8/26/2024","0000 - 0100","23","62","26","62","24","62","100","79","87","22","4","0","0","14","306","2"
"ORD","Terminal 5","8/26/2024","0100 - 0200","44","74","40","76","42","76","56","66","84","160","83","0","0","25","474","2"
"ORD","Terminal 5","8/26/2024","0200 - 0300","20","31","18","31","19","31","42","114","4","0","0","0","0","9","169","1"
"ORD","Terminal 5","8/26/2024","0400 - 0500","13","29","20","28","14","29","97","70","0","0","0","0","0","6","173","1"
"ORD","Terminal 5","8/26/2024","0500 - 0600","16","32","17","32","16","32","60","77","4","0","0","0","0","4","145","1"
"ORD","Terminal 5","8/26/2024","0600 - 0700","33","70","40","78","37","78","75","95","140","130","47","0","0","16","503","2"
"ORD","Terminal 5","8/26/2024","0700 - 0800","23","59","47","69","41","69","66","110","105","274","60","0","0","18","633","2"
"ORD","Terminal 5","8/26/2024","0800 - 0900","23","67","27","93","26","93","284","317","113","89","53","3","0","20","879","3"
"ORD","Terminal 5","8/26/2024","0900 - 1000","19","84","50","85","39","85","208","180","80","118","251","0","0","34","871","4"
"ORD","Terminal 5","8/26/2024","1000 - 1100","28","52","58","75","38","75","20","46","58","4","38","0","0","10","176","1"
"ORD","Terminal 5","8/26/2024","1100 - 1200","5","21","13","26","10","26","282","89","0","0","0","0","0","11","382","2"
"ORD","Terminal 5","8/26/2024","1200 - 1300","8","29","15","32","11","32","880","377","1","0","0","0","0","36","1294","6"
"ORD","Terminal 5","8/26/2024","1300 - 1400","13","45","20","55","16","55","1119","744","152","74","0","0","0","65","2154","9"
"ORD","Terminal 5","8/26/2024","1400 - 1500","26","95","38","110","31","110","963","608","448","394","325","61","0","84","2883","11"
"ORD","Terminal 5","8/26/2024","1500 - 1600","47","115","77","122","57","122","277","138","205","464","851","262","2","68","2267","10"
"ORD","Terminal 5","8/26/2024","1600 - 1700","43","87","59","91","49","91","141","53","241","103","385","5","0","28","956","6"
"ORD","Terminal 5","8/26/2024","1700 - 1800","14","39","15","39","14","39","566","308","126","0","0","0","0","31","1031","6"
"ORD","Terminal 5","8/26/2024","1800 - 1900","13","37","17","46","15","46","933","735","77","3","0","0","0","51","1799","9"
"ORD","Terminal 5","8/26/2024","1900 - 2000","11","27","11","27","11","27","563","259","0","0","0","0","0","27","849","4"
"ORD","Terminal 5","8/26/2024","2000 - 2100","10","32","17","32","13","32","464","244","23","0","0","0","0","14","745","3"
"ORD","Terminal 5","8/26/2024","2300 - 0000","29","44","23","44","27","44","40","67","91","0","0","0","0","8","206","1"
"ORD","Terminal 5","8/27/2024","0000 - 0100","34","66","40","65","37","66","29","87","91","76","26","0","0","10","319","2"
"ORD","Terminal 5","8/27/2024","0100 - 0200","37","54","34","54","36","54","21","39","99","54","0","0","0","5","218","1"
"ORD","Terminal 5","8/27/2024","0200 - 0300","16","31","16","32","16","32","145","164","13","0","0","0","0","6","328","2"
"ORD","Terminal 5","8/27/2024","0500 - 0600","38","90","41","95","39","95","80","85","50","23","85","11","0","10","344","2"
"ORD","Terminal 5","8/27/2024","0600 - 0700","35","54","53","69","48","69","22","9","76","107","87","0","0","10","311","1"
"ORD","Terminal 5","8/27/2024","0700 - 0800","23","56","25","68","24","68","122","211","144","15","4","0","0","16","512","2"
"ORD","Terminal 5","8/27/2024","0800 - 0900","15","22","17","27","16","27","78","123","0","0","0","0","0","4","205","1"
"ORD","Terminal 5","8/27/2024","0900 - 1000","17","63","23","62","20","63","451","483","259","28","2","0","0","36","1259","5"
"ORD","Terminal 5","8/27/2024","1100 - 1200","9","30","8","29","9","30","471","96","0","0","0","0","0","18","585","3"
"ORD","Terminal 5","8/27/2024","1200 - 1300","8","30","13","31","9","31","651","224","3","0","0","0","0","29","907","6"
"ORD","Terminal 5","8/27/2024","1300 - 1400","14","38","11","36","13","38","1287","729","74","0","0","0","0","71","2161","9"
"ORD","Terminal 5","8/27/2024","1400 - 1500","14","77","27","105","19","105","923","640","138","71","68","10","0","55","1905","8"
"ORD","Terminal 5","8/27/2024","1500 - 1600","30","101","57","108","40","108","410","329","437","337","245","140","0","54","1952","8"
"ORD","Terminal 5","8/27/2024","1600 - 1700","30","92","57","97","39","97","230","358","634","232","201","50","0","51","1756","8"
"ORD","Terminal 5","8/27/2024","1700 - 1800","8","28","13","28","9","28","569","114","0","0","0","0","0","20","703","5"
"ORD","Terminal 5","8/27/2024","1800 - 1900","16","48","24","63","19","63","498","440","138","34","2","0","0","40","1152","5"
"ORD","Terminal 5","8/27/2024","1900 - 2000","7","17","7","17","7","17","95","5","0","0","0","0","0","3","103","1"
"ORD","Terminal 5","8/27/2024","2000 - 2100","7","22","12","27","10","27","178","65","0","0","0","0","0","8","251","1"
"ORD","Terminal 5","8/27/2024","2100 - 2200","25","64","34","64","28","64","146","230","198","109","6","0","0","15","704","5"
"ORD","Terminal 5","8/27/2024","2300 - 0000","8","17","10","17","9","17","223","24","0","0","0","0","0","6","253","1"
"ORD","Terminal 5","8/28/2024","0000 - 0100","47","115","55","116","51","116","73","81","79","103","154","51","0","16","557","3"
"ORD","Terminal 5","8/28/2024","0100 - 0200","45","79","46","107","45","107","40","26","56","67","82","2","0","10","283","2"
"ORD","Terminal 5","8/28/2024","0200 - 0300","45","56","45","56","45","56","6","9","52","110","0","0","0","3","180","1"
"ORD","Terminal 5","8/28/2024","0500 - 0600","22","41","19","41","20","41","84","73","54","0","0","0","0","9","220","1"
"ORD","Terminal 5","8/28/2024","0600 - 0700","41","63","41","63","41","63","46","40","51","169","16","0","0","9","331","1"
"ORD","Terminal 5","8/28/2024","0800 - 0900","22","73","38","81","32","81","167","215","148","160","61","0","0","22","773","3"
"ORD","Terminal 5","8/28/2024","0900 - 1000","22","81","34","88","30","88","301","330","219","126","111","0","0","43","1130","4"
"ORD","Terminal 5","8/28/2024","1000 - 1100","8","19","13","23","10","23","248","83","0","0","0","0","0","10","341","2"
"ORD","Terminal 5","8/28/2024","1100 - 1200","11","38","17","38","14","38","261","144","23","0","0","0","0","10","438","2"
"ORD","Terminal 5","8/28/2024","1200 - 1300","7","22","8","22","7","22","671","56","0","0","0","0","0","18","745","5"
"ORD","Terminal 5","8/28/2024","1300 - 1400","13","34","14","36","14","36","1100","811","32","0","0","0","0","67","2010","9"
"ORD","Terminal 5","8/28/2024","1400 - 1500","26","113","29","113","27","113","669","607","332","251","123","21","0","68","2071","9"
"ORD","Terminal 5","8/28/2024","1500 - 1600","43","78","47","78","45","78","142","90","241","478","282","0","0","36","1269","5"
"ORD","Terminal 5","8/28/2024","1600 - 1700","28","66","26","66","27","66","331","438","245","146","89","0","0","22","1271","8"
"ORD","Terminal 5","8/28/2024","1700 - 1800","16","39","25","88","20","88","361","444","94","15","27","0","0","29","970","5"
"ORD","Terminal 5","8/28/2024","1800 - 1900","8","25","10","25","9","25","550","136","0","0","0","0","0","20","706","4"
"ORD","Terminal 5","8/28/2024","1900 - 2000","21","65","30","69","24","69","510","317","309","147","40","0","0","39","1362","7"
"ORD","Terminal 5","8/28/2024","2000 - 2100","9","34","20","36","12","36","203","84","24","0","0","0","0","10","321","2"
"ORD","Terminal 5","8/28/2024","2100 - 2200","14","31","19","33","15","33","104","134","11","0","0","0","0","7","256","2"
"ORD","Terminal 5","8/28/2024","2300 - 0000","24","51","28","52","26","52","42","77","74","9","0","0","0","6","208","1"
"ORD","Terminal 5","8/29/2024","0000 - 0100","27","53","29","53","28","53","64","189","200","26","0","0","0","12","491","3"
"ORD","Terminal 5","8/29/2024","0100 - 0200","37","75","40","75","39","75","67","72","76","61","96","0","0","14","386","2"
"ORD","Terminal 5","8/29/2024","0200 - 0300","19","27","17","27","18","27","23","105","0","0","0","0","0","7","135","1"
"ORD","Terminal 5","8/29/2024","0300 - 0400","11","22","12","22","12","22","88","43","0","0","0","0","0","5","136","1"
"ORD","Terminal 5","8/29/2024","0500 - 0600","27","54","30","57","29","57","50","40","38","45","0","0","0","4","177","1"
"ORD","Terminal 5","8/29/2024","0700 - 0800","15","62","26","64","23","64","218","220","122","48","14","0","0","17","639","2"
"ORD","Terminal 5","8/29/2024","0800 - 0900","25","41","35","52","30","52","41","185","169","40","0","0","0","14","449","2"
"ORD","Terminal 5","8/29/2024","0900 - 1000","21","66","30","76","27","76","260","218","255","97","18","0","0","27","875","3"
"ORD","Terminal 5","8/29/2024","1000 - 1100","4","20","10","29","7","29","485","67","0","0","0","0","0","21","573","3"
"ORD","Terminal 5","8/29/2024","1100 - 1200","6","24","10","24","7","24","223","35","0","0","0","0","0","5","263","2"
"ORD","Terminal 5","8/29/2024","1200 - 1300","10","49","14","52","12","52","668","242","54","13","0","0","0","30","1007","6"
"ORD","Terminal 5","8/29/2024","1300 - 1400","13","32","15","36","13","36","892","627","37","0","0","0","0","48","1604","8"
"ORD","Terminal 5","8/29/2024","1400 - 1500","19","74","26","77","22","77","951","812","484","169","56","0","0","87","2559","11"
"ORD","Terminal 5","8/29/2024","1500 - 1600","30","67","52","79","39","79","146","150","321","295","122","0","0","42","1076","6"
"ORD","Terminal 5","8/29/2024","1600 - 1700","28","64","33","64","30","64","171","441","501","149","11","0","0","30","1303","7"
"ORD","Terminal 5","8/29/2024","1700 - 1800","14","48","24","87","18","87","492","327","152","35","15","0","0","31","1052","6"
"ORD","Terminal 5","8/29/2024","1800 - 1900","12","35","15","37","13","37","777","374","45","0","0","0","0","35","1231","7"
"ORD","Terminal 5","8/29/2024","1900 - 2000","8","22","11","22","9","22","419","86","0","0","0","0","0","15","520","3"
"ORD","Terminal 5","8/29/2024","2000 - 2100","8","19","10","20","8","20","463","55","0","0","0","0","0","16","534","2"
"ORD","Terminal 5","8/29/2024","2100 - 2200","17","51","34","61","24","61","135","128","67","53","4","0","0","13","400","3"
"ORD","Terminal 5","8/30/2024","0000 - 0100","26","60","29","62","28","62","90","195","225","34","4","0","0","16","564","3"
"ORD","Terminal 5","8/30/2024","0500 - 0600","17","42","21","42","20","42","99","107","60","0","0","0","0","6","272","2"
"ORD","Terminal 5","8/30/2024","0700 - 0800","21","42","22","42","21","42","128","300","97","0","0","0","0","13","538","2"
"ORD","Terminal 5","8/30/2024","0900 - 1000","17","66","29","77","25","77","532","446","342","158","44","0","0","46","1568","6"
"ORD","Terminal 5","8/30/2024","1000 - 1100","7","23","13","38","9","38","346","66","5","0","0","0","0","15","432","3"
"ORD","Terminal 5","8/30/2024","1100 - 1200","11","36","14","36","12","36","371","130","20","0","0","0","0","13","534","2"
"ORD","Terminal 5","8/30/2024","1200 - 1300","11","32","13","31","12","32","767","363","5","0","0","0","0","38","1173","5"
"ORD","Terminal 5","8/30/2024","1300 - 1400","13","33","18","33","15","33","838","794","38","0","0","0","0","47","1717","7"
"ORD","Terminal 5","8/30/2024","1400 - 1500","16","110","23","57","18","110","941","549","348","36","2","2","0","66","1944","10"
"ORD","Terminal 5","8/30/2024","1500 - 1600","22","63","37","75","28","75","479","646","537","257","60","0","0","62","2041","9"
"ORD","Terminal 5","8/30/2024","1600 - 1700","22","52","25","52","24","52","464","387","399","103","0","0","0","38","1391","7"
"ORD","Terminal 5","8/30/2024","1700 - 1800","10","36","15","37","12","37","668","263","38","0","0","0","0","22","991","8"
"ORD","Terminal 5","8/30/2024","1800 - 1900","15","48","25","48","18","48","458","265","201","22","0","0","0","36","982","6"
"ORD","Terminal 5","8/30/2024","1900 - 2000","12","30","15","38","12","38","638","350","8","0","0","0","0","25","1021","6"
"ORD","Terminal 5","8/30/2024","2000 - 2100","9","16","13","18","11","18","130","25","0","0","0","0","0","2","157","1"
"ORD","Terminal 5","8/30/2024","2100 - 2200","19","46","21","46","20","46","136","185","60","2","0","0","0","11","394","2"
"ORD","Terminal 5","8/31/2024","0000 - 0100","47","123","54","128","51","128","195","75","114","96","196","145","11","28","860","5"
"ORD","Terminal 5","8/31/2024","0100 - 0200","86","122","91","122","89","122","1","3","23","23","90","188","11","9","348","2"
"ORD","Terminal 5","8/31/2024","0500 - 0600","14","72","24","71","21","72","103","48","34","20","12","0","0","6","223","1"
"ORD","Terminal 5","8/31/2024","0600 - 0700","30","76","60","90","49","90","63","36","72","105","145","0","0","10","431","2"
"ORD","Terminal 5","8/31/2024","0700 - 0800","18","64","31","64","25","64","182","225","107","58","11","0","0","17","600","2"
"ORD","Terminal 5","8/31/2024","0800 - 0900","11","43","28","51","20","51","240","186","137","18","0","0","0","18","599","3"
"ORD","Terminal 5","8/31/2024","0900 - 1000","23","61","41","73","33","73","190","104","286","198","42","0","0","26","846","3"
"ORD","Terminal 5","8/31/2024","1000 - 1100","9","32","26","55","17","55","191","159","44","17","0","0","0","16","427","2"
"ORD","Terminal 5","8/31/2024","1100 - 1200","16","42","25","42","19","42","221","216","139","0","0","0","0","16","592","3"
"ORD","Terminal 5","8/31/2024","1200 - 1300","11","28","15","32","13","32","387","252","5","0","0","0","0","19","663","3"
"ORD","Terminal 5","8/31/2024","1300 - 1400","9","27","12","27","10","27","1167","360","0","0","0","0","0","46","1573","6"
"ORD","Terminal 5","8/31/2024","1400 - 1500","27","101","46","104","36","104","723","470","378","346","455","71","0","81","2524","11"
"ORD","Terminal 5","8/31/2024","1500 - 1600","56","120","84","123","66","123","301","222","141","107","980","570","7","77","2405","11"
"ORD","Terminal 5","8/31/2024","1600 - 1700","50","102","72","106","57","106","224","60","91","181","737","82","0","42","1417","7"
"ORD","Terminal 5","8/31/2024","1700 - 1800","27","60","30","60","28","60","362","355","464","223","0","0","0","35","1439","8"
"ORD","Terminal 5","8/31/2024","1800 - 1900","27","48","23","41","26","48","181","435","358","26","0","0","0","31","1031","7"
"ORD","Terminal 5","8/31/2024","1900 - 2000","9","23","10","24","10","24","679","157","0","0","0","0","0","22","858","4"
"ORD","Terminal 5","8/31/2024","2000 - 2100","8","36","14","36","10","36","418","100","31","0","0","0","0","13","562","2"
"ORD","Terminal 5","8/31/2024","2100 - 2200","17","32","17","32","17","32","147","194","10","0","0","0","0","9","360","2"
"ORD","Terminal 5","8/31/2024","2200 - 2300","7","15","10","16","8","16","94","5","0","0","0","0","0","4","103","1"
"ORD","Terminal 5","8/31/2024","2300 - 0000","30","43","27","43","29","43","31","61","103","0","0","0","0","7","202","1"
"ORD","Terminal 5","9/1/2024","0000 - 0100","28","75","30","80","29","80","187","114","88","67","64","0","0","25","545","3"
"ORD","Terminal 5","9/1/2024","0100 - 0200","32","45","32","45","32","45","15","30","103","0","0","0","0","6","154","1"
"ORD","Terminal 5","9/1/2024","0400 - 0500","18","35","21","35","20","35","50","76","24","0","0","0","0","2","152","1"
"ORD","Terminal 5","9/1/2024","0500 - 0600","35","80","36","80","35","80","69","88","64","49","59","0","0","9","338","2"
"ORD","Terminal 5","9/1/2024","0600 - 0700","41","69","58","89","51","89","57","43","77","205","170","0","0","18","570","2"
"ORD","Terminal 5","9/1/2024","0700 - 0800","35","60","44","60","40","60","0","59","144","114","0","0","0","5","322","1"
"ORD","Terminal 5","9/1/2024","0800 - 0900","22","83","38","83","31","83","146","243","189","139","50","0","0","24","791","3"
"ORD","Terminal 5","9/1/2024","0900 - 1000","31","114","64","123","49","123","88","39","104","132","77","66","3","15","524","2"
"ORD","Terminal 5","9/1/2024","1000 - 1100","20","99","53","100","36","100","92","169","88","102","61","15","0","19","546","2"
"ORD","Terminal 5","9/1/2024","1100 - 1200","19","31","29","38","22","38","34","60","26","0","0","0","0","7","127","1"
"ORD","Terminal 5","9/1/2024","1200 - 1300","17","154","17","35","17","154","453","364","55","0","0","0","14","31","917","5"
"ORD","Terminal 5","9/1/2024","1300 - 1400","26","105","28","105","27","105","939","967","427","149","220","72","0","97","2871","13"
"ORD","Terminal 5","9/1/2024","1400 - 1500","47","107","54","108","50","108","323","249","338","540","736","195","0","82","2463","9"
"ORD","Terminal 5","9/1/2024","1500 - 1600","51","129","86","130","65","130","194","101","126","272","665","352","22","66","1798","9"
"ORD","Terminal 5","9/1/2024","1600 - 1700","38","96","71","101","47","101","248","153","436","339","466","81","0","57","1780","8"
"ORD","Terminal 5","9/1/2024","1700 - 1800","21","44","36","49","25","49","281","273","460","21","0","0","0","31","1066","5"
"ORD","Terminal 5","9/1/2024","1800 - 1900","16","48","20","45","17","48","595","492","135","7","0","0","0","36","1265","7"
"ORD","Terminal 5","9/1/2024","1900 - 2000","14","45","19","45","15","45","748","385","226","0","0","0","0","45","1404","7"
"ORD","Terminal 5","9/1/2024","2000 - 2100","13","22","14","22","13","22","140","128","0","0","0","0","0","2","270","1"
"ORD","Terminal 5","9/1/2024","2100 - 2200","17","44","21","44","18","44","209","136","110","0","0","0","0","14","469","2"
